緯度,経度
35.6495731,139.79160001666668
35.6495731,139.79160001666668
35.6495731,139.79160001666668
35.6495731,139.79160001666668
35.6495731,139.79160001666668
35.6495731,139.79160001666668
35.649957433333334,139.79189725
35.649891733333334,139.79185066666668
35.64949086666667,139.7914434
35.64949086666667,139.7914434
35.64939098333333,139.7913604
35.649367516666665,139.791333
35.649367516666665,139.791333
35.649270466666664,139.79123346666665
35.6492555,139.79121025
35.64920465,139.79115291666668
35.64920465,139.79115291666668
35.64920465,139.79115291666668
35.64920465,139.79115291666668
35.64920465,139.79115291666668
35.64919085,139.79108325
35.64919085,139.79108325
35.64919015,139.79108211666667
35.64919045,139.79108098333333
35.64919045,139.79108098333333
35.64919045,139.79108098333333
35.64919045,139.79108098333333
35.6491957,139.7910729
35.64919363333333,139.79107353333333
35.64919363333333,139.79107353333333
35.649172066666665,139.79108153333334
35.649172066666665,139.79108153333334
35.64917325,139.79107338333333
35.64917325,139.79107338333333
35.64917325,139.79107338333333
35.64917325,139.79107338333333
35.64917325,139.79107338333333
35.64917325,139.79107338333333
35.64917325,139.79107338333333
35.64917325,139.79107338333333
35.649399116666665,139.79088648333334
35.64949525,139.79092981666668
35.64950515,139.79094175
35.64950515,139.79094175
35.64961003333333,139.79107411666666
35.64961003333333,139.79107411666666
35.64961003333333,139.79107411666666
35.6497743,139.7912301
35.6497743,139.7912301
35.6497743,139.7912301
35.6497743,139.7912301
35.64998586666667,139.79144351666667
35.64998586666667,139.79144351666667
35.650092083333334,139.7915228
35.650092083333334,139.7915228
35.650092083333334,139.7915228
35.650246366666664,139.79163306666666
35.650246366666664,139.79163306666666
35.650246366666664,139.79163306666666
35.650246366666664,139.79163306666666
35.650246366666664,139.79163306666666
35.650246366666664,139.79163306666666
35.650246366666664,139.79163306666666
35.650246366666664,139.79163306666666
35.650246366666664,139.79163306666666
35.650719466666665,139.79199296666667
35.650783116666666,139.79204195
35.65088071666667,139.79211415
35.65088071666667,139.79211415
35.65088071666667,139.79211415
35.65125475,139.79240665
35.65125475,139.79240665
35.651332616666664,139.79250166666668
35.65133433333333,139.79249621666668
35.65127893333333,139.79245048333334
35.65118875,139.79238776666668
35.65118875,139.79238776666668
35.65099935,139.79224178333334
35.65093055,139.79218471666667
35.65093055,139.79218471666667
35.65085905,139.792128
35.65085905,139.792128
35.65085905,139.792128
35.650685583333335,139.79199501666668
35.650685583333335,139.79199501666668
35.650630516666666,139.79195411666666
35.65057245,139.7919082
35.65057245,139.7919082
35.65057245,139.7919082
35.650399433333334,139.79177261666666
35.6503685,139.79174648333333
35.650308,139.79169803333335
35.650254516666664,139.79166305
35.650254516666664,139.79166305
35.650254516666664,139.79166305
35.64954183333333,139.7909749
35.64954183333333,139.7909749
35.64954183333333,139.7909749
35.64954183333333,139.7909749
35.64940995,139.79086871666667
35.649366816666664,139.79088743333332
35.649366816666664,139.79088743333332
35.649298083333335,139.79098368333334
35.649298083333335,139.79098368333334
35.649298083333335,139.79098368333334
35.649298083333335,139.79098368333334
35.649298083333335,139.79098368333334
35.649298083333335,139.79098368333334
35.649298083333335,139.79098368333334
35.649298083333335,139.79098368333334
35.649298083333335,139.79098368333334
35.649298083333335,139.79098368333334
35.649298083333335,139.79098368333334
35.649298083333335,139.79098368333334
35.649298083333335,139.79098368333334
35.64947651666667,139.79151723333334
35.64947651666667,139.79151723333334
35.64947651666667,139.79151723333334
35.64947651666667,139.79151723333334
35.64947651666667,139.79151723333334
